{
  "Age": 1.8598316,
  "BusinessTravel": -0.178690079923605,
  "DailyRate": -1.3508614,
  "DistanceFromHome": 0.48840068585764757,
  "Education": 1.0421816,
  "EnvironmentSatisfaction": -1.5747416,
  "Gender": 0.8776872610615156,
  "HourlyRate": 0.966307250373357,
  "JobInvolvement": 1.8362716,
  "JobLevel": 1.7032715,
  "JobSatisfaction": 0.23920541392086542,
  "MonthlyIncome": 1.454116,
  "MonthlyRate": -0.6714871466867346,
  "NumCompaniesWorked": 1.2397316,
  "OverTime": 1.5833916,
  "PercentSalaryHike": 0.5444721476250522,
  "PerformanceRating": -0.4133836909571623,
  "RelationshipSatisfaction": 0.23663270368032907,
  "StockOptionLevel": -0.9241377067782295,
  "TotalWorkingYears": 1.5080916,
  "TrainingTimesLastYear": -0.6494244123241841,
  "WorkLifeBalance": -1.0805812,
  "YearsAtCompany": 1.8636415,
  "YearsInCurrentRole": 0.7037316206184241,
  "YearsSinceLastPromotion": 0.19644715114343697,
  "YearsWithCurrManager": 1.0478116,
  "DepartmentHumanResources": -0.20195945896665524,
  "DepartmentResearchDevelopment": -1.3627716,
  "DepartmentSales": 1.4890916,
  "EducationFieldHumanResources": -0.12838814775327392,
  "EducationFieldLifeSciences": -0.8187972239237208,
  "EducationFieldMarketing": 2.6874216,
  "EducationFieldMedical": -0.667317390751957,
  "EducationFieldOther": -0.24838069544728147,
  "EducationFieldTechnicalDegree": -0.3232299675777271,
  "JobRoleHealthcareRepresentative": -0.2916230242449912,
  "JobRoleHumanResources": -0.17910361025900712,
  "JobRoleLaboratoryTechnician": -0.4637960029453808,
  "JobRoleManager": -0.28888638609369977,
  "JobRoleManufacturingDirector": -0.33831617065298725,
  "JobRoleResearchDirector": -0.24218840134356248,
  "JobRoleResearchScientist": -0.4978876120159933,
  "JobRoleSalesExecutive": 1.8523316,
  "JobRoleSalesRepresentative": -0.23904572186687872,
  "MaritalStatusDivorced": -0.5419467627971346,
  "MaritalStatusMarried": -0.8996059990602732,
  "MaritalStatusSingle": 14389369058
}
